{"Mean":{"OZONE_MEAN":0.0514538476,"OZONE_1STMAX":0.0980538936,"OZONE_99PERC":0.0879321402,"OZONE_STD":0.0142683308,"OZONE_2NDMAX":0.0924681588,"PM25_MEAN":9.8723765463,"PM25_1STMAX":45.1678936252,"PM25_99PERC":36.3760759089,"PM25_STD":6.7939739167,"PM25_2NDMAX":35.9021262161,"SO2_MEAN":0.8246305753,"SO2_1STMAX":5.9182795699,"SO2_99PERC":3.1908602151,"SO2_STD":0.7150902527,"SO2_2NDMAX":3.9564516129},"Var":{"OZONE_MEAN":0.0000289975,"OZONE_1STMAX":0.0002638957,"OZONE_99PERC":0.0001938438,"OZONE_STD":0.0000121918,"OZONE_2NDMAX":0.0002244502,"PM25_MEAN":8.5691947264,"PM25_1STMAX":317.7194867815,"PM25_99PERC":236.218496438,"PM25_STD":8.4349311457,"PM25_2NDMAX":228.3072615711,"SO2_MEAN":0.347979422,"SO2_1STMAX":27.4687339577,"SO2_99PERC":6.5330437045,"SO2_STD":0.3034350726,"SO2_2NDMAX":10.166212857}}