{"Mean":{"OZONE_MEAN":0.051270456,"OZONE_1STMAX":0.0959432666,"OZONE_99PERC":0.0862672404,"OZONE_STD":0.0142991819,"OZONE_2NDMAX":0.0905709151,"PM25_MEAN":10.697052265,"PM25_1STMAX":56.9602134921,"PM25_99PERC":43.5058080568,"PM25_STD":8.3245450867,"PM25_2NDMAX":43.3974747956},"Var":{"OZONE_MEAN":0.0000333347,"OZONE_1STMAX":0.0001801986,"OZONE_99PERC":0.0001381449,"OZONE_STD":0.0000087558,"OZONE_2NDMAX":0.0001596322,"PM25_MEAN":19.5123067557,"PM25_1STMAX":2638.0313812133,"PM25_99PERC":912.7452884979,"PM25_STD":27.6598644592,"PM25_2NDMAX":1264.6296387449}}